rootl,conc
7.58,0
8,0
8.328571429,0
7.25,0
7.375,0
7.9625,0
8.355555556,0.94
6.914285714,0.94
7.75,0.94
6.871428571,1.88
6.45,1.88
5.922222222,1.88
1.925,3.75
2.885714286,3.75
4.233333333,3.75
1.1875,7.5
0.857142857,7.5
1.057142857,7.5
0.6875,15
0.525,15
0.825,15
0.25,30
0.22,30
0.44,30
